Positive,Negative,Neutral
Beat earnings estimates,Missed earnings estimates,Met earnings estimates
Surpassed revenue expectations,Disappointing revenue growth,In-line revenue growth
Record-breaking revenue,Profit decline,Profit matched expectations
Strong earnings growth,Weak earnings guidance,Earnings guidance unchanged
Profit surged,Revenue shortfall,Revenue forecast maintained
Stock soared,Stock plummeted,Stock traded flat
Market rallied,Market sell-off,Market remained steady
Shares jumped,Shares tumbled,Shares held steady
Bullish trend,Bearish trend,Sideways trend
Uptrend continued,Downtrend continued,Stable market conditions
GDP growth accelerated,GDP growth slowed,GDP growth steady
Unemployment rate declined,Unemployment rate rose,Unemployment rate stable
Inflation under control,Inflation concerns,Inflation in check
Consumer confidence rose,Consumer confidence fell,Consumer confidence steady
Business sentiment improved,Business sentiment worsened,Business sentiment unchanged
Strategic acquisition,Failed acquisition,Acquisition announced
Game-changing deal,Deal collapse,Merger proposed
Transformational merger,Merger terminated,Deal valued at
Synergies expected,Integration challenges,Partnership formed
Growth opportunities ahead,Synergy concerns,Joint venture established
Upgrade to buy,Downgrade to sell,Neutral rating maintained
Raised price target,Lowered price target,Price target unchanged
Positive outlook,Negative outlook,Earnings forecast steady
Improved earnings forecast,Weakened earnings forecast,Growth expectations unchanged
Increased growth expectations,Decreased growth expectations,Valuation reasonable
Confident in our strategy,Challenging market conditions,Focusing on execution
Excited about future prospects,Disappointing results,Executing on strategy
Pleased with our performance,Concerns about growth,Making progress
Optimistic about growth,Uncertainty ahead,On track to meet goals
Encouraged by progress,Difficult decisions ahead,Cautiously optimistic
Outperformed expectations,Underperformed expectations,As expected
Significant improvement,Significant decline,In line with
Major milestone achieved,Major setback,Consistent with
Strong demand,Weak demand,No surprise
Growing momentum,Declining momentum,Business as usual
